id,date,rawContent,replyCount,retweetCount,likeCount,quoteCount,lang,place,hashtags,mentionedUsers,user_id,user_name,user_renderedDescription,user_join_date,user_followers,user_location,user_verified,inReplyToTweetId,archivo,keyword
1156650225072840704,2019-07-31 19:37:57+00:00,Grandes sectores se mover√≠an desde una perspectiva de la convenci√≥n constituyente como herramienta para buen gobierno y vida buena.,0,0,0,0,es,,,,323034089,peperioso,"Ponce. M√©dico.Padre y abuelo de muchs.Hijo,Hermano y padre de patriotas-socialistas-agn√≥stics y creyentes.Cristiano (por a√±os viv√≠ en Barrio Crist√≠ de Mayag√ºez)",2011-06-24 04:20:27+00:00,416,Mayag√ºez-Boquer√≥n,False,None,Convencion_Constituyente_2019_Q3.csv,Convencion_Constituyente
1156625209375559680,2019-07-31 17:58:33+00:00,Convenci√≥n constituyente... cu√°nto tiempo pas√≥ !! https://t.co/ufGiVMKs15,0,0,2,0,es,,,,3078455279,Vasco_Irlandes,"Criatura, Hijo, Hermano, Esposo, Padre, Amigo. Polit√≥logo, Consultor Estrategia y Precios. M√∫sica, Libros, Rugby, y Asado. Burke & Kirk. Reviertan Roe-Wade üÜó",2015-03-08 00:35:49+00:00,773,Civitas Dei,False,None,Convencion_Constituyente_2019_Q3.csv,Convencion_Constituyente
1156623913851465729,2019-07-31 17:53:24+00:00,"@jayfonsecapr Jay, se necesitan sobre 20 enmiendas a la constitucion que toque los procesos de nombramiento, recidenciamiento etc. Ningun referendum podria implementarla. La unica manera seria con una Convencion Constituyente.",0,0,0,0,es,,,"[User(username='jayfonsecapr', id=32619518, displayname='Jay Fonseca', rawDescription=None, renderedDescription=None, descriptionLinks=None, verified=None, created=None, followersCount=None, friendsCount=None, statusesCount=None, favouritesCount=None, listedCount=None, mediaCount=None, location=None, protected=None, link=None, profileImageUrl=None, profileBannerUrl=None, label=None)]",1154503726528421893,Haciendoteelma1,,2019-07-25 21:28:32+00:00,1,,False,1156613442570244096,Convencion_Constituyente_2019_Q3.csv,Convencion_Constituyente
1156580294704738304,2019-07-31 15:00:05+00:00,"44 estados de EEUU tienen vicegobernador, quien es electo junto al gobernador. Por eso nuestros colaboradores describen nuestro orden sucesoral como at√≠pico. ¬øPorqu√© prevaleci√≥ este dise√±o en nuestra Convenci√≥n Constituyente de 1952? Lee m√°s sobre el tema: https://t.co/CLaR4jJcDJ https://t.co/SEiCJEZlYR",1,13,16,3,es,,,,13962572,microjuris,"‚öñÔ∏è Noticias jur√≠dicas, un buscador legal integral, m√°s de 100 cursos en l√≠nea de educaci√≥n jur√≠dica continua y servicio al cliente a tu disposici√≥n.",2008-02-25 20:57:24+00:00,15208,"San Juan, Puerto Rico",False,None,Convencion_Constituyente_2019_Q3.csv,Convencion_Constituyente
1156546428203950081,2019-07-31 12:45:30+00:00,"REFORMA DEL 94

Insfr√°n ser√° distinguido por el 25¬∫ aniversario de la Convenci√≥n Constituyente

‚ñ∫ [https://t.co/tE8aMg2g0X] https://t.co/w06FniXOXZ",0,0,1,0,es,,,,362043343,lamananaonline,Cuenta oficial del diario de Formosa - facebook.com/diariolm - instagram.com/diariolamanana,2011-08-25 19:15:16+00:00,7775,"Formosa, Argentina",False,None,Convencion_Constituyente_2019_Q3.csv,Convencion_Constituyente
1155908207858069505,2019-07-29 18:29:27+00:00,"@caramellocumpa Estimado compa√±ero, de m√°s est√° decir que lo m√≠o fue ir√≥nico. 
Conozco bien el procedimiento constitucional para una reforma pero me pareci√≥ mucho convocar a una convenci√≥n constituyente solo por 1/4 de chipa",0,0,0,0,es,,,"[User(username='caramellocumpa', id=196172891, displayname='Carlos Caramello', rawDescription=None, renderedDescription=None, descriptionLinks=None, verified=None, created=None, followersCount=None, friendsCount=None, statusesCount=None, favouritesCount=None, listedCount=None, mediaCount=None, location=None, protected=None, link=None, profileImageUrl=None, profileBannerUrl=None, label=None)]",213491797,gchgonzalo,"Al amigo, todo. Al enemigo, ni justicia!",2010-11-09 01:52:00+00:00,423,La Plata,False,1155813021454934016,Convencion_Constituyente_2019_Q3.csv,Convencion_Constituyente
1155593185642590208,2019-07-28 21:37:39+00:00,@JBalmaceda787 @VargasVidot No habr√° Convenci√≥n Constituyente. No hace falta para someter al pueblo enmiendas a la constituci√≥n.,0,0,0,0,es,,,"[User(username='JBalmaceda787', id=956542609547255808, displayname='Javier Balmaceda', rawDescription=None, renderedDescription=None, descriptionLinks=None, verified=None, created=None, followersCount=None, friendsCount=None, statusesCount=None, favouritesCount=None, listedCount=None, mediaCount=None, location=None, protected=None, link=None, profileImageUrl=None, profileBannerUrl=None, label=None), User(username='VargasVidot', id=47145363, displayname='VargasVidot', rawDescription=None, renderedDescription=None, descriptionLinks=None, verified=None, created=None, followersCount=None, friendsCount=None, statusesCount=None, favouritesCount=None, listedCount=None, mediaCount=None, location=None, protected=None, link=None, profileImageUrl=None, profileBannerUrl=None, label=None)]",1529504870,TrincheraAzul,Luchador por Igualdad derechos y libertades como en los Estados pa US Citizens q residen en Puerto Rico y q solo se obtendr√° cuando PR sea Estado de USA!,2013-06-19 02:49:05+00:00,1211,USA Territory of Puerto Rico,False,1155575946268860416,Convencion_Constituyente_2019_Q3.csv,Convencion_Constituyente
1155520975452213249,2019-07-28 16:50:43+00:00,"@JRSwrites @DAVILACOLON Una convenci√≥n constituyente es la estratagema de demorar lo inevitable. Para comenzar, que los estadolibristas definan que quieren, no cuentos de fantasias, cualquier formula que sea posible ante la Constituci√≥n.  Solo quieren un foro para paralizar y controlar el proceso.",0,0,0,0,es,,,"[User(username='JRSwrites', id=255927537, displayname='Jos√© Rodr√≠guez-Su√°rez', rawDescription=None, renderedDescription=None, descriptionLinks=None, verified=None, created=None, followersCount=None, friendsCount=None, statusesCount=None, favouritesCount=None, listedCount=None, mediaCount=None, location=None, protected=None, link=None, profileImageUrl=None, profileBannerUrl=None, label=None), User(username='DAVILACOLON', id=32522787, displayname='LUIS R DAVILA-COLON', rawDescription=None, renderedDescription=None, descriptionLinks=None, verified=None, created=None, followersCount=None, friendsCount=None, statusesCount=None, favouritesCount=None, listedCount=None, mediaCount=None, location=None, protected=None, link=None, profileImageUrl=None, profileBannerUrl=None, label=None)]",1033348956896604161,CarlosRNavarro1,,2018-08-25 13:42:44+00:00,364,,False,1155497026991382528,Convencion_Constituyente_2019_Q3.csv,Convencion_Constituyente
1155497026991382528,2019-07-28 15:15:33+00:00,Enmendar la Constituci√≥n podr√≠a ser el Caballo de Troya para la ‚Äúconstituyente‚Äù que desde 1984 promueve el PIP para adelantar la independencia. No pierdan de vista que en el 2007 Nydia Vel√°zquez present√≥ un proyecto para decidir el estatus mediante una ‚Äúconvenci√≥n constituyente‚Äù. https://t.co/NqJFwTH3qr,5,35,49,2,es,,,,255927537,JRSwrites,Immigrant. Lifelong Republican. Former Deputy Secretary of State. Shares and follows are not endorsements. #StatehoodForPR #DefendUkraine #StandWithTaiwan,2011-02-22 09:18:53+00:00,1979,"Puerto Rico, USA",False,None,Convencion_Constituyente_2019_Q3.csv,Convencion_Constituyente
1155215724786270208,2019-07-27 20:37:46+00:00,"@JorgeFavaloro Lo q se debe cambiar la  preeminencia del tratado sobre la ley argentina para eso se necesita un convenci√≥n constituyente pero como est√° es soberana., depende q una mayor√≠a q te cambie cualquier otro art√≠culo y en nuestro pa√≠s se puede esperar cualquier cosa",0,0,0,0,es,,,"[User(username='JorgeFavaloro', id=2238183656, displayname='Jorge Favaloro üá¶üá∑ üíô', rawDescription=None, renderedDescription=None, descriptionLinks=None, verified=None, created=None, followersCount=None, friendsCount=None, statusesCount=None, favouritesCount=None, listedCount=None, mediaCount=None, location=None, protected=None, link=None, profileImageUrl=None, profileBannerUrl=None, label=None)]",2792904605,7jedem,,2014-09-29 21:24:12+00:00,43,,False,1155055424724447232,Convencion_Constituyente_2019_Q3.csv,Convencion_Constituyente
1154765113150386179,2019-07-26 14:47:12+00:00,"Cada d√≠a que pasa y esta crisis pol√≠tica todav√≠a sigue, me confirma que realmente hay que considerar seriamente que se establezca la Convenci√≥n Constituyente. Art. VII, Sec. 2 de la Constituci√≥n de ELA de PR. #RickyRenunci√≥ #Constituci√≥n #Constituyente #PuertoRico",0,0,0,0,es,,"['RickyRenunci√≥', 'Constituci√≥n', 'Constituyente', 'PuertoRico']",,3398817430,sergiovallerodz,Zoon Politikon | Law | Legislative | Policy | Politics | Boricua üáµüá∑,2015-08-01 14:19:45+00:00,103,"Saint Paul, Minnesota",False,None,Convencion_Constituyente_2019_Q3.csv,Convencion_Constituyente
1154761037792653312,2019-07-26 14:31:00+00:00,"@TierraNuevaPR Si entiendo lo que quiere hacer es m√°s una l√≠nea de sucesi√≥n que una elecci√≥n. 
Por eso realmente hay que considera una convenci√≥n constituyente para poner todas las ideas y debatirlo. Hay que hacer una revisi√≥n a la constituci√≥n  #PuertoRico",1,0,0,0,es,,['PuertoRico'],"[User(username='TierraNuevaPR', id=428477613, displayname='tierra.nueva.pr', rawDescription=None, renderedDescription=None, descriptionLinks=None, verified=None, created=None, followersCount=None, friendsCount=None, statusesCount=None, favouritesCount=None, listedCount=None, mediaCount=None, location=None, protected=None, link=None, profileImageUrl=None, profileBannerUrl=None, label=None)]",3398817430,sergiovallerodz,Zoon Politikon | Law | Legislative | Policy | Politics | Boricua üáµüá∑,2015-08-01 14:19:45+00:00,103,"Saint Paul, Minnesota",False,1154759220883075072,Convencion_Constituyente_2019_Q3.csv,Convencion_Constituyente
1154751962912632832,2019-07-26 13:54:56+00:00,"@TierraNuevaPR @anibalacevedo @tatitohdz @hernandezcha Hubo Pres. y VP que no fueron del mismo partido, por eso enmendaron la Constituci√≥n (Enmienda 12). Aunque entiendo tu propuesta (es europea) no resuelve el problema completamente. Esta situaci√≥n ha causado que realmente tengamos considera convenci√≥n constituyente para revisar.",2,0,1,0,es,,,"[User(username='TierraNuevaPR', id=428477613, displayname='tierra.nueva.pr', rawDescription=None, renderedDescription=None, descriptionLinks=None, verified=None, created=None, followersCount=None, friendsCount=None, statusesCount=None, favouritesCount=None, listedCount=None, mediaCount=None, location=None, protected=None, link=None, profileImageUrl=None, profileBannerUrl=None, label=None), User(username='anibalacevedo', id=15338940, displayname='An√≠bal Acevedo Vil√°', rawDescription=None, renderedDescription=None, descriptionLinks=None, verified=None, created=None, followersCount=None, friendsCount=None, statusesCount=None, favouritesCount=None, listedCount=None, mediaCount=None, location=None, protected=None, link=None, profileImageUrl=None, profileBannerUrl=None, label=None), User(username='tatitohdz', id=1566412532, displayname='Tatito Hernandez', rawDescription=None, renderedDescription=None, descriptionLinks=None, verified=None, created=None, followersCount=None, friendsCount=None, statusesCount=None, favouritesCount=None, listedCount=None, mediaCount=None, location=None, protected=None, link=None, profileImageUrl=None, profileBannerUrl=None, label=None), User(username='hernandezcha', id=244200457, displayname='Charlie Hern√°ndez', rawDescription=None, renderedDescription=None, descriptionLinks=None, verified=None, created=None, followersCount=None, friendsCount=None, statusesCount=None, favouritesCount=None, listedCount=None, mediaCount=None, location=None, protected=None, link=None, profileImageUrl=None, profileBannerUrl=None, label=None)]",3398817430,sergiovallerodz,Zoon Politikon | Law | Legislative | Policy | Politics | Boricua üáµüá∑,2015-08-01 14:19:45+00:00,103,"Saint Paul, Minnesota",False,1154737563074269184,Convencion_Constituyente_2019_Q3.csv,Convencion_Constituyente
1154492200878841856,2019-07-25 20:42:44+00:00,"@mariano_bar @gfer66 Explicado:
Le dicen a Pepe que ponga una foto aleg√≥rica a la Reforma Constitucional. Pepe desconoce todo de la Convenci√≥n Constituyente. Luego, busca una foto de algo que se asemeje a un Congreso, y la pone.",0,0,0,0,es,,,"[User(username='mariano_bar', id=85123028, displayname='Mariano ‚≠êÔ∏è‚≠êÔ∏è‚≠êÔ∏è', rawDescription=None, renderedDescription=None, descriptionLinks=None, verified=None, created=None, followersCount=None, friendsCount=None, statusesCount=None, favouritesCount=None, listedCount=None, mediaCount=None, location=None, protected=None, link=None, profileImageUrl=None, profileBannerUrl=None, label=None), User(username='gfer66', id=15398418, displayname='Fernando Garc√≠a', rawDescription=None, renderedDescription=None, descriptionLinks=None, verified=None, created=None, followersCount=None, friendsCount=None, statusesCount=None, favouritesCount=None, listedCount=None, mediaCount=None, location=None, protected=None, link=None, profileImageUrl=None, profileBannerUrl=None, label=None)]",341038565,LaUnicaBeta,"No busco cargo, ni lugar en lista, ni kiosco, ni fama, ni tv ni radio. 101% independiente",2011-07-23 18:06:58+00:00,4549,Draenor,False,1154488572671606784,Convencion_Constituyente_2019_Q3.csv,Convencion_Constituyente
1154460932883435520,2019-07-25 18:38:29+00:00,@microjuris Proposiciones de la convenci√≥n constituyente de 1951 por algunos delegados que inclu√≠an la figura del Vice-Gobernador. Buenas para compararlas con el actual proyecto radicado. https://t.co/Ukb5oxuKwu,1,1,1,0,es,,,"[User(username='microjuris', id=13962572, displayname='Microjuris', rawDescription=None, renderedDescription=None, descriptionLinks=None, verified=None, created=None, followersCount=None, friendsCount=None, statusesCount=None, favouritesCount=None, listedCount=None, mediaCount=None, location=None, protected=None, link=None, profileImageUrl=None, profileBannerUrl=None, label=None)]",82099707,carloschevere,Licenciado - Amante de la Historia - Villarreal Club de F√∫tbol üíõ‚öΩÔ∏è Atlanta Braves ‚ù§Ô∏èüíô‚öæÔ∏è,2009-10-13 13:54:36+00:00,1174,"San Juan, USA",False,1154449178702909440,Convencion_Constituyente_2019_Q3.csv,Convencion_Constituyente
1154442187293306880,2019-07-25 17:24:00+00:00,Lean ah√≠ como se s√© refiri√≥ a la Carta Magna de nuestro pa√≠s este se√±or que su intelecto no le llega a los tobillos de los miembros de la Convenci√≥n Constituyente de 1952. https://t.co/oPmJ1ogl3Y,1,1,3,0,es,,,,88076546,Alan_Britto_,EL BOLSILLO DEL PUEBLO NO PUEDE SEGUIR SIENDO LA FUENTE DE REPAGO DE LA CORRUPCI√ìN. CRITICA POLITICA Y SOCIAL. JOCOSO PERO CIERTO. RTNSE CUIDADO CON LOS üê∫üëîüêë.,2009-11-07 00:50:08+00:00,987,"San Juan, USA",False,1154440052270936065,Convencion_Constituyente_2019_Q3.csv,Convencion_Constituyente
1154251999157899265,2019-07-25 04:48:16+00:00,Y siguen hablando de enmendar la constituci√≥n. ¬°Que no! Necesitamos una Convenci√≥n Constituyente.,0,2,2,0,es,,,,345696778,efvave,Internacionalista y catedr√°tico / Internationalist & Full Professor ‚ÄúQvi docet discit‚Äù,2011-07-31 01:16:35+00:00,3875,San Juan de Puerto Rico,False,None,Convencion_Constituyente_2019_Q3.csv,Convencion_Constituyente
1153843651006484482,2019-07-24 01:45:38+00:00,"Ya no es suficiente mejorar lo que hay o hacerlo bien, hay que regenerar nuestro sistema pol√≠tico con una Convenci√≥n Constituyente.",0,4,10,0,es,,,,345696778,efvave,Internacionalista y catedr√°tico / Internationalist & Full Professor ‚ÄúQvi docet discit‚Äù,2011-07-31 01:16:35+00:00,3875,San Juan de Puerto Rico,False,None,Convencion_Constituyente_2019_Q3.csv,Convencion_Constituyente
1153768428324446208,2019-07-23 20:46:43+00:00,Negociemos con los EEUU el fin de la relaci√≥n territorial y regeneremos nuestro sistema pol√≠tico y de gobierno con una Convenci√≥n Constituyente. üëçüèºüáµüá∑,0,2,4,0,es,,,,345696778,efvave,Internacionalista y catedr√°tico / Internationalist & Full Professor ‚ÄúQvi docet discit‚Äù,2011-07-31 01:16:35+00:00,3875,San Juan de Puerto Rico,False,None,Convencion_Constituyente_2019_Q3.csv,Convencion_Constituyente
1153102639086886912,2019-07-22 00:41:07+00:00,"@miguelrios @eduardobhatia @anibalacevedo @lherrero @Mariluguzman18 @anibaljosepr @davidpr2016 @ColbergLatigo @Fuego_Popular @armandovaldes @jmanuelortiz Estoy de acuerdo con la idea de la convenci√≥n constituyente. Hay varias cosas que atemperar a nuestra realidad. Esa l√≠nea es importante siempre. Esto que traigo es para legislaci√≥n ahora, o en el pr√≥ximo gobierno. ¬øQu√© crees del cabildeo en la Rama Ejecutiva?",0,0,1,0,es,,,"[User(username='miguelrios', id=2983244612, displayname='Miguel Rios Berrios', rawDescription=None, renderedDescription=None, descriptionLinks=None, verified=None, created=None, followersCount=None, friendsCount=None, statusesCount=None, favouritesCount=None, listedCount=None, mediaCount=None, location=None, protected=None, link=None, profileImageUrl=None, profileBannerUrl=None, label=None), User(username='eduardobhatia', id=34096466, displayname='Eduardo Bhatia-Gautierüáµüá∑', rawDescription=None, renderedDescription=None, descriptionLinks=None, verified=None, created=None, followersCount=None, friendsCount=None, statusesCount=None, favouritesCount=None, listedCount=None, mediaCount=None, location=None, protected=None, link=None, profileImageUrl=None, profileBannerUrl=None, label=None), User(username='anibalacevedo', id=15338940, displayname='An√≠bal Acevedo Vil√°', rawDescription=None, renderedDescription=None, descriptionLinks=None, verified=None, created=None, followersCount=None, friendsCount=None, statusesCount=None, favouritesCount=None, listedCount=None, mediaCount=None, location=None, protected=None, link=None, profileImageUrl=None, profileBannerUrl=None, label=None), User(username='lherrero', id=147076951, displayname='Luis S. Herrero', rawDescription=None, renderedDescription=None, descriptionLinks=None, verified=None, created=None, followersCount=None, friendsCount=None, statusesCount=None, favouritesCount=None, listedCount=None, mediaCount=None, location=None, protected=None, link=None, profileImageUrl=None, profileBannerUrl=None, label=None), User(username='MariluGuzman18', id=1267487820408553472, displayname='Marilu Guzman', rawDescription=None, renderedDescription=None, descriptionLinks=None, verified=None, created=None, followersCount=None, friendsCount=None, statusesCount=None, favouritesCount=None, listedCount=None, mediaCount=None, location=None, protected=None, link=None, profileImageUrl=None, profileBannerUrl=None, label=None), User(username='anibaljosepr', id=88657995, displayname='An√≠bal Jos√© Torres', rawDescription=None, renderedDescription=None, descriptionLinks=None, verified=None, created=None, followersCount=None, friendsCount=None, statusesCount=None, favouritesCount=None, listedCount=None, mediaCount=None, location=None, protected=None, link=None, profileImageUrl=None, profileBannerUrl=None, label=None), User(username='davidpr2016', id=4617430279, displayname='Dra. VOZ DEL PUEBLO, Honoris Parody', rawDescription=None, renderedDescription=None, descriptionLinks=None, verified=None, created=None, followersCount=None, friendsCount=None, statusesCount=None, favouritesCount=None, listedCount=None, mediaCount=None, location=None, protected=None, link=None, profileImageUrl=None, profileBannerUrl=None, label=None), User(username='ColbergLatigo', id=713114890781589504, displayname='Jorge Colberg Toro', rawDescription=None, renderedDescription=None, descriptionLinks=None, verified=None, created=None, followersCount=None, friendsCount=None, statusesCount=None, favouritesCount=None, listedCount=None, mediaCount=None, location=None, protected=None, link=None, profileImageUrl=None, profileBannerUrl=None, label=None), User(username='Fuego_Popular', id=398069540, displayname='Fuego Popular', rawDescription=None, renderedDescription=None, descriptionLinks=None, verified=None, created=None, followersCount=None, friendsCount=None, statusesCount=None, favouritesCount=None, listedCount=None, mediaCount=None, location=None, protected=None, link=None, profileImageUrl=None, profileBannerUrl=None, label=None), User(username='armandovaldes', id=19751766, displayname='Armando Vald√©s', rawDescription=None, renderedDescription=None, descriptionLinks=None, verified=None, created=None, followersCount=None, friendsCount=None, statusesCount=None, favouritesCount=None, listedCount=None, mediaCount=None, location=None, protected=None, link=None, profileImageUrl=None, profileBannerUrl=None, label=None)]",128050686,mcalderoncerame,"Padre, esposo y sanjuanero de Cupey. Portavoz del @ppdpr en la Legislatura Municipal de San Juan. Analista pol√≠tico en @noticentroWAPA los domingos.",2010-03-30 23:47:38+00:00,3687,"Cupey, Puerto Rico",False,1153100378495320064,Convencion_Constituyente_2019_Q3.csv,Convencion_Constituyente
1153099027170439169,2019-07-22 00:26:46+00:00,@CarlosJSagardia Debates de la convenci√≥n constituyente e interpretaci√≥n a clausula an√°loga en la Constitucion federal,0,0,0,0,es,,,,47546161,blindfury85,my mind is seein' through your design like Blind Fury,2009-06-16 04:51:52+00:00,182,,False,None,Convencion_Constituyente_2019_Q3.csv,Convencion_Constituyente
1153094340677423104,2019-07-22 00:08:08+00:00,"This is not about his political party. We demand his immediate resignation so we can move forward w/our socio-political force &amp; held accountable those involved in his massive corruption network, held a referendum to add a Convenci√≥n Constituyente, and rescue our beloved Islandüáµüá∑",0,0,1,0,en,,,,1376067560,jon_crz,üáµüá∑,2013-04-24 03:25:58+00:00,92,,False,None,Convencion_Constituyente_2019_Q3.csv,Convencion_Constituyente
1153014553942212608,2019-07-21 18:51:06+00:00,"Senador Vargas Vidot radica proyecto para convocar Convenci√≥n Constituyente | Metro https://t.co/1TI40AUBOa

No creo que tenga la capacidad para radicar esta pieza legislativa y alguien se la redact√≥...quienes son los coautores?

#novolvera20",0,0,0,0,es,,['novolvera20'],,1393705111,yabukor,,2013-05-01 03:26:55+00:00,210,,False,None,Convencion_Constituyente_2019_Q3.csv,Convencion_Constituyente
1152777261948575745,2019-07-21 03:08:11+00:00,Quisiera saber que Diache a hecho ( a parte de echar grasa al cuerpo) el Senador.   Vargas Vidot radica proyecto para convocar Convenci√≥n Constituyente | Metro https://t.co/zSovw2yqjG,2,3,1,0,es,,,,43606388,maver23,"Amo la poes√≠a, la m√∫sica, la lectura y (alg√∫n d√≠a volver a) viajar. #CoffeeLover #Vaqueros #Ikigai üêò üáµüá∑",2009-05-30 22:28:14+00:00,11695,"San Juan, Puerto Rico",False,None,Convencion_Constituyente_2019_Q3.csv,Convencion_Constituyente
1152773683628445696,2019-07-21 02:53:58+00:00,"@Jenniffer2012 @TATACHARBONIER @Tonysoto51 @POTUS @VP    @JohnnyMndez36 @trschatz51 @barricada_azul1    Senador Vargas Vidot radica proyecto para convocar Convenci√≥n Constituyente | Metro https://t.co/g9amISLkSP Aqui esta la respuesta, no es el chat, no es corrupcion,es comunismo",0,0,0,1,es,,,"[User(username='Jenniffer2012', id=1447595486970617870, displayname='#PandoraPapersPR', rawDescription=None, renderedDescription=None, descriptionLinks=None, verified=None, created=None, followersCount=None, friendsCount=None, statusesCount=None, favouritesCount=None, listedCount=None, mediaCount=None, location=None, protected=None, link=None, profileImageUrl=None, profileBannerUrl=None, label=None), User(username='TATACHARBONIER', id=160272125, displayname='MARIA MILAGROS CHARBONIER', rawDescription=None, renderedDescription=None, descriptionLinks=None, verified=None, created=None, followersCount=None, friendsCount=None, statusesCount=None, favouritesCount=None, listedCount=None, mediaCount=None, location=None, protected=None, link=None, profileImageUrl=None, profileBannerUrl=None, label=None), User(username='Tonysoto51', id=396834212, displayname='Tony Soto', rawDescription=None, renderedDescription=None, descriptionLinks=None, verified=None, created=None, followersCount=None, friendsCount=None, statusesCount=None, favouritesCount=None, listedCount=None, mediaCount=None, location=None, protected=None, link=None, profileImageUrl=None, profileBannerUrl=None, label=None), User(username='POTUS', id=1349149096909668363, displayname='President Biden', rawDescription=None, renderedDescription=None, descriptionLinks=None, verified=None, created=None, followersCount=None, friendsCount=None, statusesCount=None, favouritesCount=None, listedCount=None, mediaCount=None, location=None, protected=None, link=None, profileImageUrl=None, profileBannerUrl=None, label=None), User(username='VP', id=803694179079458816, displayname='Vice President Kamala Harris', rawDescription=None, renderedDescription=None, descriptionLinks=None, verified=None, created=None, followersCount=None, friendsCount=None, statusesCount=None, favouritesCount=None, listedCount=None, mediaCount=None, location=None, protected=None, link=None, profileImageUrl=None, profileBannerUrl=None, label=None), User(username='JohnnyMndez36', id=509263728, displayname='Johnny M√©ndez', rawDescription=None, renderedDescription=None, descriptionLinks=None, verified=None, created=None, followersCount=None, friendsCount=None, statusesCount=None, favouritesCount=None, listedCount=None, mediaCount=None, location=None, protected=None, link=None, profileImageUrl=None, profileBannerUrl=None, label=None), User(username='trschatz51', id=390197006, displayname='Thomas Rivera Schatz', rawDescription=None, renderedDescription=None, descriptionLinks=None, verified=None, created=None, followersCount=None, friendsCount=None, statusesCount=None, favouritesCount=None, listedCount=None, mediaCount=None, location=None, protected=None, link=None, profileImageUrl=None, profileBannerUrl=None, label=None), User(username='barricada_azul1', id=498540707, displayname='Barricada Azul', rawDescription=None, renderedDescription=None, descriptionLinks=None, verified=None, created=None, followersCount=None, friendsCount=None, statusesCount=None, favouritesCount=None, listedCount=None, mediaCount=None, location=None, protected=None, link=None, profileImageUrl=None, profileBannerUrl=None, label=None)]",782792265005576192,aponte1801,,2016-10-03 03:59:54+00:00,202,"Puerto Rico, USA",False,None,Convencion_Constituyente_2019_Q3.csv,Convencion_Constituyente
1152771756349956097,2019-07-21 02:46:18+00:00,"@LuisRFort Definitivamente en tu escuela de Derecho no ense√±an un curso de ""separaci√≥n de poderes""...
L√©ete el Diario de Sesiones de la Convenci√≥n Constituyente...",0,0,1,0,es,,,,623347861,AlvaroLMoreno,,2012-07-01 02:46:45+00:00,418,Puerto Rico,False,None,Convencion_Constituyente_2019_Q3.csv,Convencion_Constituyente
1152693561244213251,2019-07-20 21:35:35+00:00,Vargas Vidot propone una Convenci√≥n¬†Constituyente. https://t.co/t18mbNkgbQ,0,0,0,0,es,,,,520814220,Foro_Noticioso,"¬° Bienvenidos a la cuenta oficial de Foro Noticioso en Twitter !!           
       Noticias Locales y Pol√≠ticas en Puerto Rico.",2012-03-10 23:09:41+00:00,24536,,False,None,Convencion_Constituyente_2019_Q3.csv,Convencion_Constituyente
1152688835303759873,2019-07-20 21:16:48+00:00,Senador Vargas Vidot radica proyecto para convocar Convenci√≥n Constituyente https://t.co/LRHPv9q5u5,0,1,1,0,es,,,,371906213,Motinsitepegas,"Web Producer, former Desk @NoticentroWAPA @wapatv üì∫ | Former Web & Sports @Metro_PR, @radioislatv | confidencias 787 685 9335 | Mi opini√≥n, no la del patrono",2011-09-11 18:57:43+00:00,18820,Puerto Rico,False,None,Convencion_Constituyente_2019_Q3.csv,Convencion_Constituyente
1152677880209596419,2019-07-20 20:33:17+00:00,Senador Vargas Vidot radica proyecto para convocar Convenci√≥n Constituyente https://t.co/CjdHY7hfnU,0,0,0,0,es,,,,985189257655484417,rosa_girald,"Molecular Biology & Gene Therapy. FMR Research Fellow Harvard University, CEO BIOVAIDA BIOTECH, Rejuvenation Biotechnology & Bioengineering. Raelian Jew & Guide",2018-04-14 16:13:17+00:00,577,Boston MA-USA & Puerto Rico,False,None,Convencion_Constituyente_2019_Q3.csv,Convencion_Constituyente
1152548709227356163,2019-07-20 12:00:00+00:00,"#Efem√©ridesArgentinas El 20 de julio de 1825 naci√≥ Nicasio Oro√±o. Pol√≠tico. Hijo del coronel unitario Santiago Oro√±o. Fue miembro de la Convenci√≥n Constituyente y Diputado Nacional, siendo luego Gobernador de la Provincia de Santa Fe ente 1865 y 1868. https://t.co/5f1TQj0QAI",1,2,18,0,es,,['Efem√©ridesArgentinas'],,174881176,eduardolazzari,"Historiador. Dom. 11 hs. @radiomitre Vivamos La Vida. Vi. 20 hs. @CanalCiudadBA Maravillas Porte√±as. 
S√°b. 16 hs. @Laoncediez Viejos Vinagres. S√°b. 21 hs. La2x4",2010-08-05 01:54:10+00:00,20638,Buenos Aires - Argentina,False,None,Convencion_Constituyente_2019_Q3.csv,Convencion_Constituyente
1152406385268842496,2019-07-20 02:34:27+00:00,"Para comenzar la regeneraci√≥n del sistema pol√≠tico puertorrique√±o hay que regenerar:

1. El poder judicial
2. El servicio p√∫blico
3. El sistema electoral
4. La organizaci√≥n administrativa territorial
5. El poder legislativo 

Para ello es necesario una Convenci√≥n constituyente.",1,6,21,1,es,,,,345696778,efvave,Internacionalista y catedr√°tico / Internationalist & Full Professor ‚ÄúQvi docet discit‚Äù,2011-07-31 01:16:35+00:00,3875,San Juan de Puerto Rico,False,None,Convencion_Constituyente_2019_Q3.csv,Convencion_Constituyente
1152372403504340993,2019-07-20 00:19:25+00:00,"@SrLebron Hay que hacerle cambios a la Constituci√≥n. Pero cuidado con una Convenci√≥n Constituyente. La convenci√≥n es peligrosa, porque tiene free will de hacer lo que sea.",1,0,1,0,es,,,"[User(username='SrLebron', id=17762040, displayname='J. Lebr√≥n Ayala', rawDescription=None, renderedDescription=None, descriptionLinks=None, verified=None, created=None, followersCount=None, friendsCount=None, statusesCount=None, favouritesCount=None, listedCount=None, mediaCount=None, location=None, protected=None, link=None, profileImageUrl=None, profileBannerUrl=None, label=None)]",119745020,SaulSF,"Attorney. Tweets mostly in Spanish. Politics, Government, Statehood for Puerto Rico, Boxing and Baseball. Cangrejero, siempre! #SanturceAh√≠",2010-03-04 14:28:55+00:00,471,San Juan,False,1152371214133923841,Convencion_Constituyente_2019_Q3.csv,Convencion_Constituyente
1152363472669163520,2019-07-19 23:43:56+00:00,El pueblo quiere una convenci√≥n constituyente nacional y los pol√≠ticos pensando que solo se trata de Rosello!!,0,0,0,0,es,,,,3707969712,lobosoboriquen6,La vida es para vivirla plenamente en paz con nuestros seres m√°s queridos. Hagamos que vibre profundamente en nuestro ser y luchemos para sea nuestra realidad!!,2015-09-27 22:10:29+00:00,618,"Landers, CA",False,None,Convencion_Constituyente_2019_Q3.csv,Convencion_Constituyente
1152264800325513217,2019-07-19 17:11:51+00:00,@harlee_quinx Por como lee. ‚ÄúGobernador electo‚Äù ‚Äúprinera sesi√≥n legislativa‚Äù. Est√° en el texto. Tambi√©n est√° en el diario de sesiones de la convenci√≥n constituyente. Hermen√©utica 101. Esa disposici√≥n est√° limitada al periodo entre las elecciones y la toma de posesi√≥n y surge as√≠ del TEXTO.,0,0,0,0,es,,,,752627335598186496,dartinaperez,Equal opportunity hater ü•ä No one cares if my RTs are endorsements.,2016-07-11 22:15:14+00:00,169,Puerto Rico,False,1152264060953669632,Convencion_Constituyente_2019_Q3.csv,Convencion_Constituyente
1152209569667571713,2019-07-19 13:32:23+00:00,"@ugemitch ""los adultos perdemos de vista las prioridades"" dice un adulto que pretende armar una convenci√≥n constituyente por un su√©ter",0,2,13,0,es,,,"[User(username='ugemitch', id=166706153, displayname='estudiante cr√≥nica üß°', rawDescription=None, renderedDescription=None, descriptionLinks=None, verified=None, created=None, followersCount=None, friendsCount=None, statusesCount=None, favouritesCount=None, listedCount=None, mediaCount=None, location=None, protected=None, link=None, profileImageUrl=None, profileBannerUrl=None, label=None)]",200891868,atenea2604,no hablo de mi vida privada,2010-10-10 15:19:47+00:00,1021,,False,1152198945743024135,Convencion_Constituyente_2019_Q3.csv,Convencion_Constituyente
1151950664945295364,2019-07-18 20:23:35+00:00,"@yasminmarie1 @econrivera En efecto creo que es tanto lo que hay que cambiar que requiere de una Convenci√≥n Constituyente al amparo del Art√≠culo VII Secci√≥n 2 de la Constituci√≥n. Para ello, tendr√≠amos que conseguir que esta Asamblea Legislativa incluya esa pregunta en la papeleta en la elecci√≥n de 2020.",1,1,4,0,es,"Place(id='547fe91108bd744c', fullName='San Juan, Puerto Rico', name='San Juan', type='city', country='United States', countryCode='US')",,"[User(username='yasminmarie1', id=88434364, displayname='Yasmin Marie', rawDescription=None, renderedDescription=None, descriptionLinks=None, verified=None, created=None, followersCount=None, friendsCount=None, statusesCount=None, favouritesCount=None, listedCount=None, mediaCount=None, location=None, protected=None, link=None, profileImageUrl=None, profileBannerUrl=None, label=None)]",19751766,armandovaldes,Esposo de @laramercado | Padre de Lila y Amelia | Puertorrique√±o | ¬øEscribidor? | Abogado | Sobre la Mesa por @radioislatv L-V 8-10 AM,2009-01-30 03:20:57+00:00,14943,San Juan de Puerto Rico,True,1151948262716379136,Convencion_Constituyente_2019_Q3.csv,Convencion_Constituyente
1151550954493419520,2019-07-17 17:55:16+00:00,"@anibalacevedo @lherrero @manuelnatal ¬°Exacto! En el diario de sesiones de la Convenci√≥n Constituyente lo expresa as√≠ Jos√© Veray, Jr, el delegado que presento lo que hoy es el Art. 4, Sec. 7 y 9 de la Constituci√≥n de Estado Libre Asociado de Puerto Rico (v√©ase, Proposici√≥n N√∫m. 200 y 216)",0,0,1,0,es,,,"[User(username='anibalacevedo', id=15338940, displayname='An√≠bal Acevedo Vil√°', rawDescription=None, renderedDescription=None, descriptionLinks=None, verified=None, created=None, followersCount=None, friendsCount=None, statusesCount=None, favouritesCount=None, listedCount=None, mediaCount=None, location=None, protected=None, link=None, profileImageUrl=None, profileBannerUrl=None, label=None), User(username='lherrero', id=147076951, displayname='Luis S. Herrero', rawDescription=None, renderedDescription=None, descriptionLinks=None, verified=None, created=None, followersCount=None, friendsCount=None, statusesCount=None, favouritesCount=None, listedCount=None, mediaCount=None, location=None, protected=None, link=None, profileImageUrl=None, profileBannerUrl=None, label=None), User(username='manuelnatal', id=53542264, displayname='Manuel Natal Albelo', rawDescription=None, renderedDescription=None, descriptionLinks=None, verified=None, created=None, followersCount=None, friendsCount=None, statusesCount=None, favouritesCount=None, listedCount=None, mediaCount=None, location=None, protected=None, link=None, profileImageUrl=None, profileBannerUrl=None, label=None)]",3398817430,sergiovallerodz,Zoon Politikon | Law | Legislative | Policy | Politics | Boricua üáµüá∑,2015-08-01 14:19:45+00:00,103,"Saint Paul, Minnesota",False,1151545543304392706,Convencion_Constituyente_2019_Q3.csv,Convencion_Constituyente
1151526505442361344,2019-07-17 16:18:07+00:00,"@manuelnatal Hay que leer el diario de sesi√≥n de la Convenci√≥n Constituyente y ver lo que dijo Jos√© Veray, Jr, √©l fue que presento esta cl√°usula (Proposici√≥n N√∫m. 200 y 216)
#RickyRenuncia #Residenciamiento #RickyLeaks #TelegramGate #PuertoRico #RickyVeteYa",0,0,0,0,es,,"['RickyRenuncia', 'Residenciamiento', 'RickyLeaks', 'TelegramGate', 'PuertoRico', 'RickyVeteYa']","[User(username='manuelnatal', id=53542264, displayname='Manuel Natal Albelo', rawDescription=None, renderedDescription=None, descriptionLinks=None, verified=None, created=None, followersCount=None, friendsCount=None, statusesCount=None, favouritesCount=None, listedCount=None, mediaCount=None, location=None, protected=None, link=None, profileImageUrl=None, profileBannerUrl=None, label=None)]",3398817430,sergiovallerodz,Zoon Politikon | Law | Legislative | Policy | Politics | Boricua üáµüá∑,2015-08-01 14:19:45+00:00,103,"Saint Paul, Minnesota",False,1151526218908545024,Convencion_Constituyente_2019_Q3.csv,Convencion_Constituyente
1150415879848497152,2019-07-14 14:44:54+00:00,"El problema de la sucesi√≥n del poder ejecutivo en Puerto Rico, demuestra la necesidad del dise√±o de un nuevo sistema pol√≠tico m√°s simple y efectivo. Para ello, necesitamos una convenci√≥n constituyente.",0,2,3,0,es,,,,345696778,efvave,Internacionalista y catedr√°tico / Internationalist & Full Professor ‚ÄúQvi docet discit‚Äù,2011-07-31 01:16:35+00:00,3875,San Juan de Puerto Rico,False,None,Convencion_Constituyente_2019_Q3.csv,Convencion_Constituyente
1150215660456284161,2019-07-14 01:29:18+00:00,¬øQu√© me gustar√≠a? Que lo ocurrido fuera el comienzo de una regeneraci√≥n de la pol√≠tica puertorrique√±a. ¬øCreo que ocurrir√°? ¬°No! ¬øQu√© tendr√≠a que pasar para que ocurra? El fin del r√©gimen colonial y una Convenci√≥n Constituyente para el dise√±o de un un nuevo pa√≠s.,0,6,25,0,es,,,,345696778,efvave,Internacionalista y catedr√°tico / Internationalist & Full Professor ‚ÄúQvi docet discit‚Äù,2011-07-31 01:16:35+00:00,3875,San Juan de Puerto Rico,False,None,Convencion_Constituyente_2019_Q3.csv,Convencion_Constituyente
1149026845549125632,2019-07-10 18:45:22+00:00,"@RadichetConv Quiero agregar algo al CV de Aldo Rico y su partido el MODIN: La Convenci√≥n Constituyente de la Provincia de Buenos Aires.
Duhalde no ten√≠a convencionales suficientes para reformar la cl√°usula que imped√≠a su reelecci√≥n, pero logr√≥ adquirir los votos del MODIN que se opon√≠a.",0,0,1,0,es,,,"[User(username='RadichetConv', id=938116914743832576, displayname='Convenci√≥n Radicheta', rawDescription=None, renderedDescription=None, descriptionLinks=None, verified=None, created=None, followersCount=None, friendsCount=None, statusesCount=None, favouritesCount=None, listedCount=None, mediaCount=None, location=None, protected=None, link=None, profileImageUrl=None, profileBannerUrl=None, label=None)]",1545719215,SergioFDoormann,"Abogado. Afiliado al PRO La Provincial
Pato Bullrich presidente.
Javier Iguacel gobernador #JusticiaIndependiente y libre expresi√≥n #PreguntaleAHomelandSecurity",2013-06-25 13:08:06+00:00,11394,San Mart√≠n. Prov. Bs. As.,False,1148949948542717954,Convencion_Constituyente_2019_Q3.csv,Convencion_Constituyente
1147975332936523777,2019-07-07 21:07:02+00:00,"@egcalabuig @PabloCarrizo016 @RCachanosky Me lo imagino a Espert con 2/3 de ambas c√°maras, ah! no tiene siquiera partido pol√≠tico propio! Me parece que ignoraste, que luego de la ley especial, detallando lo que se va a modificar, hay que llamar a la Convenci√≥n Constituyente. Qu√© ignorancia!!!",1,0,0,0,es,,,"[User(username='egcalabuig', id=28729447, displayname='‚≠ê‚≠ê‚≠êüá¶üá∑Eduardo G. Calabuigüôè', rawDescription=None, renderedDescription=None, descriptionLinks=None, verified=None, created=None, followersCount=None, friendsCount=None, statusesCount=None, favouritesCount=None, listedCount=None, mediaCount=None, location=None, protected=None, link=None, profileImageUrl=None, profileBannerUrl=None, label=None), User(username='RCachanosky', id=577576491, displayname='Roberto Cachanosky', rawDescription=None, renderedDescription=None, descriptionLinks=None, verified=None, created=None, followersCount=None, friendsCount=None, statusesCount=None, favouritesCount=None, listedCount=None, mediaCount=None, location=None, protected=None, link=None, profileImageUrl=None, profileBannerUrl=None, label=None)]",430059584,claudio_ar_OK,"Fu√≠ industrial por 27 a√±os, hoy cuentapropista. Vivi en Curitiba-Brasil. No me gusta el populismo, osea, a los Ks, PJ, UCR, zurdos... no les gusta lo que opino.",2011-12-06 18:26:34+00:00,1069,Moreno-Gran Buenos Aires,False,1147957192676597768,Convencion_Constituyente_2019_Q3.csv,Convencion_Constituyente
1147943261996310528,2019-07-07 18:59:36+00:00,"@Sacostaracing @lucianoderacing @jhonnisimon X eso creo q la representaci√≥n debe ser en base a un criterio electoral,como en la convencion constituyente,no votaron los casi 700 partidossino los q sacaron ""x"" cantidad de https://t.co/nzeYpmodLm recuerdo un anteproyecto q se haya considerado antes de votarse",1,0,0,0,es,,,"[User(username='Sacostaracing', id=259247559, displayname='Sebastian Acosta ¬≤¬≤ üáßüá©', rawDescription=None, renderedDescription=None, descriptionLinks=None, verified=None, created=None, followersCount=None, friendsCount=None, statusesCount=None, favouritesCount=None, listedCount=None, mediaCount=None, location=None, protected=None, link=None, profileImageUrl=None, profileBannerUrl=None, label=None), User(username='lucianoderacing', id=200476342, displayname='Luciano De Racing ¬≤¬≤', rawDescription=None, renderedDescription=None, descriptionLinks=None, verified=None, created=None, followersCount=None, friendsCount=None, statusesCount=None, favouritesCount=None, listedCount=None, mediaCount=None, location=None, protected=None, link=None, profileImageUrl=None, profileBannerUrl=None, label=None), User(username='jhonnisimon', id=151268883, displayname='Jonathan Sim√≥n', rawDescription=None, renderedDescription=None, descriptionLinks=None, verified=None, created=None, followersCount=None, friendsCount=None, statusesCount=None, favouritesCount=None, listedCount=None, mediaCount=None, location=None, protected=None, link=None, profileImageUrl=None, profileBannerUrl=None, label=None)]",852945982522372097,arielgustavoalv,,2017-04-14 18:05:44+00:00,99,"San Justo, Argentina",False,1147927063095103488,Convencion_Constituyente_2019_Q3.csv,Convencion_Constituyente
1147185597842198528,2019-07-05 16:48:54+00:00,"La impunidad es un cancer que corroe nuestra revoluci√≥n. Es necesario recordar. ¬´ UN GOBIERNO FIRME, PODEROSO YJUSTO ES EL GRITO DE LA PATRIA.¬ª, mensaje de Bolivar a la Convenci√≥n constituyente de oca√±a.Colombia,abril 1828.",0,0,0,0,es,,,,1079389875605028866,diaz_zarraga,Soy revolucionario. Abogado y bolivariano.,2018-12-30 14:52:55+00:00,28,Maracaibo.,False,None,Convencion_Constituyente_2019_Q3.csv,Convencion_Constituyente
1147182136769896448,2019-07-05 16:35:09+00:00,"La impunidad es un cancer que corroe nuestra revoluci√≥n. Es necesario recordar. ¬´ UN GOBIERNO FIRME, PODEROSO YJUSTO ES EL GRITO DE LA PATRIA.¬ª, mensaje de Bolivar a la Convenci√≥n constituyente de oca√±a.Colombia,abril 1828.",0,3,2,0,es,,,,1079389875605028866,diaz_zarraga,Soy revolucionario. Abogado y bolivariano.,2018-12-30 14:52:55+00:00,28,Maracaibo.,False,None,Convencion_Constituyente_2019_Q3.csv,Convencion_Constituyente
1146891685533835270,2019-07-04 21:21:00+00:00,#LaRioja Participando de la Sesi√≥n Especial en @LegislaturaLR del 25¬∫ Aniversario de la Reforma de la Constituci√≥n Nacional con entrega de distinciones a quienes nos representaron en aquella Convenci√≥n Constituyente del a√±o 1994. https://t.co/J5yXNtilLB,1,1,5,0,es,,['LaRioja'],"[User(username='LegislaturaLR', id=740672835899756544, displayname='Legislatura La Rioja', rawDescription=None, renderedDescription=None, descriptionLinks=None, verified=None, created=None, followersCount=None, friendsCount=None, statusesCount=None, favouritesCount=None, listedCount=None, mediaCount=None, location=None, protected=None, link=None, profileImageUrl=None, profileBannerUrl=None, label=None)]",885917555017355264,Danilofloresok,"Director Ejecutivo PAMI La Rioja.
üá¶üá∑Diputado Nacional Mandato Cumplido.
Orgullo por mi tierra, Ulapes‚ù§Ô∏è",2017-07-14 17:42:59+00:00,2688,"Ulapes, La Rioja, Argentina",False,None,Convencion_Constituyente_2019_Q3.csv,Convencion_Constituyente
1146879295975055368,2019-07-04 20:31:46+00:00,"A 25 a√±os de la Convenci√≥n Constituyente que dio a luz la Reforma de 1994, la @LegislaturaLR otorg√≥ la distinci√≥n ‚ÄúCaudillos Riojanos‚Äù al Dr. Eduardo Menem, presidente de la Convenci√≥n. Merecido reconocimiento, y a recordar el valor del consenso y el pluralismo para la Democracia https://t.co/RZ9T7Km8FK",0,1,13,0,es,,,"[User(username='LegislaturaLR', id=740672835899756544, displayname='Legislatura La Rioja', rawDescription=None, renderedDescription=None, descriptionLinks=None, verified=None, created=None, followersCount=None, friendsCount=None, statusesCount=None, favouritesCount=None, listedCount=None, mediaCount=None, location=None, protected=None, link=None, profileImageUrl=None, profileBannerUrl=None, label=None)]",873698891711033344,SoniaTorresLR,Mam√°. Magister en Cs de la Educaci√≥n. Ex Dir Equipo t√©cnico Min. Educaci√≥n. Ex Subsecretaria de Educaci√≥n Mpal. Diputada Provincial PJ (2017-2021 MC),2017-06-11 00:30:23+00:00,1228,"La Rioja, Argentina",False,None,Convencion_Constituyente_2019_Q3.csv,Convencion_Constituyente
1146809717454454784,2019-07-04 15:55:17+00:00,"Este grupo de riojanos nos represent√≥ en la Convenci√≥n Constituyente de 1994. Nuestro reconocimiento y distinci√≥n Monse√±or Enrique Angelelli a L√°zaro Fonzalida, Marta Salinas, Mario Santander y los hijos del escribano Julio Luna en un reconocimiento post mortem https://t.co/P0fyJvJIZC",0,8,23,0,es,,,,1217066934,nestorgbosetti,Riojano. Pap√° de tres hijos. Ex diputado provincial. Ex ministro de Infraestructura riojano (2011-2015).  Ex Vicegobernador de La Rioja (2015-2019).,2013-02-25 02:32:55+00:00,7440,La Rioja - Argentina,False,None,Convencion_Constituyente_2019_Q3.csv,Convencion_Constituyente
1146809697065930754,2019-07-04 15:55:13+00:00,25 a√±os de la Convenci√≥n Constituyente. Emotivo reconocimiento al riojano Senador MC ‚Å¶@EduardoMenemOK‚Å© que la presidi√≥ de manera magistral y me honra con su amistad. https://t.co/ZRpK18gr8W,0,0,6,0,es,,,"[User(username='EduardoMenemOK', id=2786673024, displayname='Eduardo Menem', rawDescription=None, renderedDescription=None, descriptionLinks=None, verified=None, created=None, followersCount=None, friendsCount=None, statusesCount=None, favouritesCount=None, listedCount=None, mediaCount=None, location=None, protected=None, link=None, profileImageUrl=None, profileBannerUrl=None, label=None)]",189571415,terelunalarioja,Ah√≠ vamos‚Ä¶andando!!!Luchando como si fuera a vivir siempre; Viviendo como si fuera a morir ma√±ana‚Ä¶! #Riojana üí™‚ô•Ô∏è#Siempre,2010-09-11 16:44:47+00:00,5501,"La Rioja, Argentina",False,None,Convencion_Constituyente_2019_Q3.csv,Convencion_Constituyente
1146805126948147200,2019-07-04 15:37:03+00:00,"@EduardoMenemOK recibi√≥ la distinci√≥n que lo declara Personalidad Ilustre, reconocimiento que otorga @LegislaturaLR por su trascendente labor y protagonismo en la Convenci√≥n Constituyente que reform√≥ la Constituci√≥n de la Naci√≥n Argentina en 1994
#25a√±osdelaReformaConstitucional https://t.co/hmcdGdLSFs",0,4,4,0,es,,['25a√±osdelaReformaConstitucional'],"[User(username='EduardoMenemOK', id=2786673024, displayname='Eduardo Menem', rawDescription=None, renderedDescription=None, descriptionLinks=None, verified=None, created=None, followersCount=None, friendsCount=None, statusesCount=None, favouritesCount=None, listedCount=None, mediaCount=None, location=None, protected=None, link=None, profileImageUrl=None, profileBannerUrl=None, label=None), User(username='LegislaturaLR', id=740672835899756544, displayname='Legislatura La Rioja', rawDescription=None, renderedDescription=None, descriptionLinks=None, verified=None, created=None, followersCount=None, friendsCount=None, statusesCount=None, favouritesCount=None, listedCount=None, mediaCount=None, location=None, protected=None, link=None, profileImageUrl=None, profileBannerUrl=None, label=None)]",1217066934,nestorgbosetti,Riojano. Pap√° de tres hijos. Ex diputado provincial. Ex ministro de Infraestructura riojano (2011-2015).  Ex Vicegobernador de La Rioja (2015-2019).,2013-02-25 02:32:55+00:00,7440,La Rioja - Argentina,False,None,Convencion_Constituyente_2019_Q3.csv,Convencion_Constituyente
1146789170653872128,2019-07-04 14:33:39+00:00,"Tambi√©n al senador Eduardo Menem,qui√©n tuvo el honor de presidir la Convenci√≥n Constituyente,que dirigi√≥ de manera impecable Capacidad y ecuanimidad. Lo cual permiti√≥ que se generar√°n nuevos derechos e instituciones modernas.",1,0,0,0,es,,,,854878344030150656,GustavoGalvanLR,"Padre de tres mujeres que me llenan de orgullo. Diputado Provincial. Abogado.
Riojano y Radical.",2017-04-20 02:04:14+00:00,1803,,False,1146789168267321344,Convencion_Constituyente_2019_Q3.csv,Convencion_Constituyente
1146781900427730944,2019-07-04 14:04:45+00:00,"Los representantes riojanos en la Convenci√≥n Constituyente que reform√≥ la ley suprema nacional ser√°n reconocidos por la Legislatura a 25 a√±os. Tuve el honor de recibir a Marta Salinas, Mario Santander y autoridades que vinieron acompa√±ar √©ste importante acontecimiento https://t.co/rM9dxMTi7b",0,10,17,0,es,,,,1217066934,nestorgbosetti,Riojano. Pap√° de tres hijos. Ex diputado provincial. Ex ministro de Infraestructura riojano (2011-2015).  Ex Vicegobernador de La Rioja (2015-2019).,2013-02-25 02:32:55+00:00,7440,La Rioja - Argentina,False,1146777125107773440,Convencion_Constituyente_2019_Q3.csv,Convencion_Constituyente
1145798389495422977,2019-07-01 20:56:38+00:00,"@Hyspasia El peronismo es as√≠. Yo recuerdo que cuando muri√≥ Luder (presidente de la convenci√≥n constituyente, abogado personal de Per√≥n, presidente interino, primer candidato a presidente post Per√≥n, etc) en el cementerio hab√≠a tres gatos locos.",1,0,0,0,es,,,"[User(username='Hyspasia', id=2228238476, displayname='Hyspasia', rawDescription=None, renderedDescription=None, descriptionLinks=None, verified=None, created=None, followersCount=None, friendsCount=None, statusesCount=None, favouritesCount=None, listedCount=None, mediaCount=None, location=None, protected=None, link=None, profileImageUrl=None, profileBannerUrl=None, label=None)]",2223272358,JcortMdq,Constructor de cohetes. Casado con hijos. Hincha de Boca. Contribuyente (full time),2013-11-30 15:21:44+00:00,2983,,False,1145777663036014593,Convencion_Constituyente_2019_Q3.csv,Convencion_Constituyente
