date,id,rawContent,replyCount,retweetCount,likeCount,quoteCount,lang,place,hashtags,mentionedUsers,user_id,user_name,user_renderedDescription,user_join_date,user_followers,user_location,user_verified,inReplyToTweetId
2020-03-31 22:51:09+00:00,1245121483606831108,"@GonzaloGuajardo @upelientocola Estimado,
S√≠, es inaceptable el secuestro de propiedad sobre nuestros aportes en AFPs y Fondos de Cesantia 
... el (neo)liberalismo chileno es solo una fabrica de coartadas 

Obs.
No es proceso constituyente x cambios, ahora es proceso constitucional x reformas
#ChileDesesperto https://t.co/7IDwtu7jna",0,0,0,0,es,,['ChileDesesperto'],"[User(username='GonzaloGuajardo', id=66152116, displayname='Gonzalo Guajardo Gavil√°n', rawDescription=None, renderedDescription=None, descriptionLinks=None, verified=None, created=None, followersCount=None, friendsCount=None, statusesCount=None, favouritesCount=None, listedCount=None, mediaCount=None, location=None, protected=None, link=None, profileImageUrl=None, profileBannerUrl=None, label=None), User(username='upelientocola', id=983760178876243968, displayname='upeliento', rawDescription=None, renderedDescription=None, descriptionLinks=None, verified=None, created=None, followersCount=None, friendsCount=None, statusesCount=None, favouritesCount=None, listedCount=None, mediaCount=None, location=None, protected=None, link=None, profileImageUrl=None, profileBannerUrl=None, label=None)]",1191348192522182656,HormazabalFritz,"""Que es mi barco mi tesoro,
que es mi dios la libertad,
mi ley, la fuerza y el viento,
mi √∫nica patria, la mar
(Espronceda -1835)",2019-11-04 13:38:33+00:00,1077,Entre Arica y Tierra del Fuego,False,1245110302183690240
2020-03-31 22:47:46+00:00,1245120631831748609,"Ultimos d√≠as plazo solo hasta este mi√©rcoles, ya van mas de 3000 inscritos ¬ø#Apruebo o #Rechazo? Mooc sobre el proceso constituyente  https://t.co/Mbbu3musSJ",1,0,0,0,es,,"['Apruebo', 'Rechazo']",,24714864,jesilvaq,"Ser humano que busca hacer el trabajo con amor, interesado en usar las TIC en  Educaci√≥n, la formaci√≥n en modalidad virtual y la Competencia Digital Docente",2009-03-16 16:01:57+00:00,545,Chile,False,None
2020-03-31 22:11:36+00:00,1245111531899150336,"En Venezuela no existe un proceso constituyente, existe es un secuestro de la independencia de los poderes p√∫blicos. Por eso #REDES propone defensa intransigente de la Constituci√≥n y la reinstitucionalizaci√≥n del pa√≠s. 
#UnidosLoHacemos 
#REDESxVenezuela",0,14,9,1,es,,"['REDES', 'UnidosLoHacemos', 'REDESxVenezuela']",,351797507,FCapdevielle,"Periodista, Sanfelipe√±o, Dem√≥crata, So√±ador, Emprendedor y Amante del Caf√© | Alcalde de San Felipe 2008-2013.",2011-08-09 19:03:38+00:00,1856,"San Felipe, Venezuela",False,None
2020-03-31 21:03:02+00:00,1245094275274006529,UChile: Nuevo calendario del proceso constituyente https://t.co/3RqJ645tcy,0,0,0,0,es,,,,162171274,universidades,,2010-07-02 22:34:50+00:00,775,Chile,False,None
2020-03-31 20:57:13+00:00,1245092810317074432,"@lucialopezchile Muy de acuerdo , si no son capaces de hacer una simple ley para postergar el pago de permiso circulaci√≥n, van a ser capaces de ser parte del proceso constituyente, a la media de escribir algo , van a decir que no lo entendieron , que no lo leyeron bien y jodimos otra vez",0,0,0,0,es,,,"[User(username='lucialopezchile', id=19848554, displayname='Luc√≠a L√≥pez üíö', rawDescription=None, renderedDescription=None, descriptionLinks=None, verified=None, created=None, followersCount=None, friendsCount=None, statusesCount=None, favouritesCount=None, listedCount=None, mediaCount=None, location=None, protected=None, link=None, profileImageUrl=None, profileBannerUrl=None, label=None)]",742059796292075522,b_vivancop,,2016-06-12 18:23:37+00:00,547,"Los Andes, Chile",False,1245089451581341696
2020-03-31 20:47:56+00:00,1245090476258144256,"Y si contin√∫a ese innecesario proceso constituyente, ser√°n mas de $ 200.000.000.000 malgastados.",0,1,1,0,es,,,,1201475589305241600,PGUrrutia,,2019-12-02 12:18:43+00:00,87,,False,None
2020-03-31 20:13:23+00:00,1245081778068611073,"No podemos asumir los muertos, no podemos asumir una nueva crisis y no podemos seguir en estado de shock. Necesitamos un sistema pol√≠tico, econ√≥mico y social justo, resulta preciso iniciar un proceso constituyente y volver a decidir plenamente el destino de nuestro estado.",1,3,10,0,es,,,,309817986,SeixoDani,"""Cada pobo diferente ten o seu ideal revolucionario, e por tanto, precisa facer a s√∫a revoluci√≥n"" Alfonso Castelao.",2011-06-02 18:31:58+00:00,19904,Na Galiza profunda.,False,1245081445950988288
2020-03-31 20:00:28+00:00,1245078530599407617,"La estrategia post #COVID_19 de G¬∞ y clase pol√≠tica es tomar el control del #plebiscito2020 y de su proceso constituyente
Nacida desde la protesta ciudadana una #nuevaconstitucion  pone en peligro los privilegios del poder econ√≥mico y pol√≠tico logrados durante +d 30 a√±os",1,0,1,0,es,,"['COVID_19', 'plebiscito2020', 'nuevaconstitucion']",,1099348541716221952,nacido_aC,Una evolucion de la revoluci√≥n era votar #Apruebo.  Gan√≥ la involuci√≥n,2019-02-23 16:41:32+00:00,1488,Chile,False,None
2020-03-31 19:59:34+00:00,1245078303163256832,"@paulinanu Chile no despert√≥ el 18O, ese d√≠a comenz√≥ la insurrecci√≥n, a la que gran parte de la ciudadan√≠a adjunt√≥ su malestar y sus demandas  sociales, frente a lo que la clase pol√≠tica, introdujo un proceso constituyente para garantizar una distribuci√≥n de poder que no los excluya. Slds.",0,1,6,0,es,,,"[User(username='paulinanu', id=75895791, displayname='Paulina Nu√±ezUrrutia', rawDescription=None, renderedDescription=None, descriptionLinks=None, verified=None, created=None, followersCount=None, friendsCount=None, statusesCount=None, favouritesCount=None, listedCount=None, mediaCount=None, location=None, protected=None, link=None, profileImageUrl=None, profileBannerUrl=None, label=None)]",2853840839,Hk38187,"Libertario, humanista, antizurdo, pol√≠ticamente incorrecto.üíödejo de seguir quien rt o lk a comunista.",2014-10-31 21:29:49+00:00,10223,,False,1245030180936208385
2020-03-31 19:41:55+00:00,1245073859310747649,@PabloIglesias Qu√©  cara m√°s dura!! El que hace 4 d√≠as pon√≠a a parir la transici√≥n y clamaba por abrir un proceso constituyente,0,0,0,0,es,,,"[User(username='PabloIglesias', id=158342368, displayname='Pablo Iglesias üîª', rawDescription=None, renderedDescription=None, descriptionLinks=None, verified=None, created=None, followersCount=None, friendsCount=None, statusesCount=None, favouritesCount=None, listedCount=None, mediaCount=None, location=None, protected=None, link=None, profileImageUrl=None, profileBannerUrl=None, label=None)]",310464821,juandelahera,,2011-06-03 20:02:41+00:00,66,,False,1245068850040725504
2020-03-31 18:36:36+00:00,1245057424559607811,"Revisa la nueva edici√≥n de @revistamensaje : Democracia en tiempos de pandemia...
En tiempos de reflexi√≥n te acompa√±a con contenido acerca del #COVID„Éº19 , el proceso constituyente, la PSU y nuevas formas de ser y hacer #Iglesia.
.
https://t.co/kCZAcWRcCy
..
#SomosJesuitas",0,0,0,0,es,,"['COVID„Éº19', 'Iglesia', 'SomosJesuitas']","[User(username='revistamensaje', id=43144500, displayname='Revista Mensaje', rawDescription=None, renderedDescription=None, descriptionLinks=None, verified=None, created=None, followersCount=None, friendsCount=None, statusesCount=None, favouritesCount=None, listedCount=None, mediaCount=None, location=None, protected=None, link=None, profileImageUrl=None, profileBannerUrl=None, label=None)]",42995495,jesuitaschile,Compa√±√≠a de Jes√∫s en Chile.,2009-05-27 23:35:15+00:00,13667,Chile,False,None
2020-03-31 17:18:22+00:00,1245037734420414465,"@OscarContardo No se dan cuenta que calientan los √°nimos para cuando se acabe esto y retome el proceso constituyente...ah,?",0,0,0,0,es,,,"[User(username='OscarContardo', id=1412942945792233472, displayname='Oscar Contardo', rawDescription=None, renderedDescription=None, descriptionLinks=None, verified=None, created=None, followersCount=None, friendsCount=None, statusesCount=None, favouritesCount=None, listedCount=None, mediaCount=None, location=None, protected=None, link=None, profileImageUrl=None, profileBannerUrl=None, label=None)]",158419900,juanmcastror,RT no implica adhesi√≥n tw no s√≥lo inteligencias. Me gusta aprender y cortar el pasto. Pensador cr√≠tico,2010-06-22 16:58:36+00:00,1015,Ex capital del Reino de Chile,False,1245021106802655237
2020-03-31 17:09:24+00:00,1245035478988001280,Es incorregible ojo üëÄ q este lo q quiere es un proceso constituyente üëá,0,0,0,0,es,,,,1369211198,SergioGMartnez,Presidente Gestora CS.#MELILLA. Liberal.Gestor Inmobiliario y Empresario. La libertad siempre puedes m√°s.,2013-04-21 10:14:34+00:00,574,Sol Spain N. Africa MELILLENSE,False,None
2020-03-31 16:53:52+00:00,1245031568097320961,"Si a nuestros parlamentarios no les da para hacer una buena ley que postergue el pago del permiso de circulaci√≥n, menos le da para crear las reglas de un proceso constituyente. Por eso yo #RechazoNuevaConstitucion",0,0,0,0,es,,['RechazoNuevaConstitucion'],,851788775760023552,negradelbaile,"antifeminazis y progres, profamilia, provida, de derecha, rechazo nueva Constituci√≥n y no creo en el estallido social",2017-04-11 13:27:24+00:00,241,el mundo,False,None
2020-03-31 16:50:39+00:00,1245030759582306313,"La t√°ctica de aferrarse a la constituci√≥n espa√±ola para darle la vuelta y ponerla en contra de quienes dec√≠an defenderla por encima de todo, no la veo porque: 1-Es demag√≥gico y c√≠nico. 2-No ayuda a un proceso constituyente. 3-Refuerza al r√©gimen.",0,0,0,0,es,,,,1100026300679503872,Politruk__,"Materialismo dial√©ctico. ‚ÄúNo se trata de mejorar la sociedad existente, sino de establecer una nueva.‚Äù",2019-02-25 13:34:42+00:00,1425,"Comunidad de Madrid, Espa√±a",False,None
2020-03-31 16:26:25+00:00,1245024661601222656,"@mittarzi Y ahora viene el bloqueo, porque eso ocurre cuando preguntas sobre posturas respecto a la soberan√≠a, separaci√≥n de poderes y debate m√°s de fondo sobre el proceso constituyente.

¬øGuard√≥ la boleta de la carrera? Intente que le devuelvan la plata.",0,0,2,0,es,,,"[User(username='mittarzi', id=222247798, displayname='Libertad', rawDescription=None, renderedDescription=None, descriptionLinks=None, verified=None, created=None, followersCount=None, friendsCount=None, statusesCount=None, favouritesCount=None, listedCount=None, mediaCount=None, location=None, protected=None, link=None, profileImageUrl=None, profileBannerUrl=None, label=None)]",3063341747,Back_to_Anon,Formaci√≥n acad√©mica en Estado y Gobierno. Respondo preguntas con buena voluntad.,2015-02-25 21:00:33+00:00,577,"Santiago, Metropolitana de San",False,1245023931549069321
2020-03-31 15:50:12+00:00,1245015549777793024,"Gracias a los hilos del narcotr√°fico hemos ca√≠do en un proceso Constituyente, verg√ºenza nacional, √©ste tongo debe cancelarse #NoAlPlebiscito #RechazoNuevaConstitucion #Rechazo #RECHAZOCRECE #VotoRechazo #RechazoTuViolencia #RechazoNuevaConstitucion",0,0,0,0,es,,"['NoAlPlebiscito', 'RechazoNuevaConstitucion', 'Rechazo', 'RECHAZOCRECE', 'VotoRechazo', 'RechazoTuViolencia', 'RechazoNuevaConstitucion']",,1194049091749208064,LibertarioBot,Bot libertario por un pa√≠s pr√≥spero que #VotaRechazo y dice #RechazoNuevaConstitucion,2019-11-12 00:28:00+00:00,305,,False,None
2020-03-31 15:43:21+00:00,1245013824375226373,"@el_pais Cuidado‚ÄºÔ∏è Este speech de @PabloIglesias @VSocialGob justifica su intenci√≥n de iniciar un proceso constituyente con excusa de incluir dchos sociales en la Constituci√≥n como hicieron en Bolivia, Ecuador y Venezuela @rmartinezdalmau y Viciano Pastor  #AmpliarEscudoSocial",0,0,0,0,es,,['AmpliarEscudoSocial'],"[User(username='el_pais', id=7996082, displayname='EL PA√çS', rawDescription=None, renderedDescription=None, descriptionLinks=None, verified=None, created=None, followersCount=None, friendsCount=None, statusesCount=None, favouritesCount=None, listedCount=None, mediaCount=None, location=None, protected=None, link=None, profileImageUrl=None, profileBannerUrl=None, label=None), User(username='PabloIglesias', id=158342368, displayname='Pablo Iglesias üîª', rawDescription=None, renderedDescription=None, descriptionLinks=None, verified=None, created=None, followersCount=None, friendsCount=None, statusesCount=None, favouritesCount=None, listedCount=None, mediaCount=None, location=None, protected=None, link=None, profileImageUrl=None, profileBannerUrl=None, label=None), User(username='rmartinezdalmau', id=291583908, displayname='Rub√©n Mart√≠nez Dalmau', rawDescription=None, renderedDescription=None, descriptionLinks=None, verified=None, created=None, followersCount=None, friendsCount=None, statusesCount=None, favouritesCount=None, listedCount=None, mediaCount=None, location=None, protected=None, link=None, profileImageUrl=None, profileBannerUrl=None, label=None)]",271188866,arqueoegipto,"Arqueolog√≠a. Pesca en Antiguo Egipto. Pol√≠tica. Master en Patrimonio Hist√≥rico Arqueol√≥gico, Doctor en Arqueolog√≠a, Perito en Antig√ºedades, Abogado en ejercicio",2011-03-24 01:18:42+00:00,1620,Fishing with castnets A Egypt,False,1244978601985966082
2020-03-31 15:40:14+00:00,1245013038958292992,"#PermisoDeCirculacion2020 un desastre el congreso, un verdadero desastre... y as√≠ y todo algunos quieren darles poder en una convenci√≥n mixta para el proceso constituyente ¬ø? es en serio ? #acc",0,0,2,0,es,,"['PermisoDeCirculacion2020', 'acc']",,262358074,Sebas_cruzado,Ingeniero inform√°tico; Doglover; Cruzado; #Metallica es infancia,2011-03-07 22:14:56+00:00,148,,False,None
2020-03-31 15:28:04+00:00,1245009977376456704,"Cuidado‚ÄºÔ∏è Este speech de @PabloIglesias @VSocialGob justifica su intenci√≥n de iniciar un proceso constituyente con excusa de incluir dchos sociales en la Constituci√≥n como hicieron en Bolivia, Ecuador y Venezuela @rmartinezdalmau y Viciano Pastor o como @G_Pisarello #EscudoSocial https://t.co/Y9YwLMCv5A",0,0,0,0,es,,['EscudoSocial'],"[User(username='PabloIglesias', id=158342368, displayname='Pablo Iglesias üîª', rawDescription=None, renderedDescription=None, descriptionLinks=None, verified=None, created=None, followersCount=None, friendsCount=None, statusesCount=None, favouritesCount=None, listedCount=None, mediaCount=None, location=None, protected=None, link=None, profileImageUrl=None, profileBannerUrl=None, label=None), User(username='rmartinezdalmau', id=291583908, displayname='Rub√©n Mart√≠nez Dalmau', rawDescription=None, renderedDescription=None, descriptionLinks=None, verified=None, created=None, followersCount=None, friendsCount=None, statusesCount=None, favouritesCount=None, listedCount=None, mediaCount=None, location=None, protected=None, link=None, profileImageUrl=None, profileBannerUrl=None, label=None), User(username='G_Pisarello', id=3039268715, displayname='Gerardo Pisarello', rawDescription=None, renderedDescription=None, descriptionLinks=None, verified=None, created=None, followersCount=None, friendsCount=None, statusesCount=None, favouritesCount=None, listedCount=None, mediaCount=None, location=None, protected=None, link=None, profileImageUrl=None, profileBannerUrl=None, label=None)]",271188866,arqueoegipto,"Arqueolog√≠a. Pesca en Antiguo Egipto. Pol√≠tica. Master en Patrimonio Hist√≥rico Arqueol√≥gico, Doctor en Arqueolog√≠a, Perito en Antig√ºedades, Abogado en ejercicio",2011-03-24 01:18:42+00:00,1620,Fishing with castnets A Egypt,False,None
2020-03-31 15:00:01+00:00,1245002918022938624,"üîà""Incertidumbre, Proceso Constituyente y Ciclo Econ√≥mico"" üëâ No te pierdas la columna que escribi√≥ nuestra Subdirectora de Pol√≠ticas P√∫blicas, @HorstBettina para los medios regionales de @ElMercurio_cl ‚û°Ô∏è https://t.co/d78bTTjhtM https://t.co/emJXZKOLbR",0,5,5,0,es,,,"[User(username='HorstBettina', id=1252899894, displayname='Bettina Horst', rawDescription=None, renderedDescription=None, descriptionLinks=None, verified=None, created=None, followersCount=None, friendsCount=None, statusesCount=None, favouritesCount=None, listedCount=None, mediaCount=None, location=None, protected=None, link=None, profileImageUrl=None, profileBannerUrl=None, label=None), User(username='ElMercurio_cl', id=1323223190, displayname='El Mercurio', rawDescription=None, renderedDescription=None, descriptionLinks=None, verified=None, created=None, followersCount=None, friendsCount=None, statusesCount=None, favouritesCount=None, listedCount=None, mediaCount=None, location=None, protected=None, link=None, profileImageUrl=None, profileBannerUrl=None, label=None)]",36470321,LyDChile,Centro de estudios que desde 1990 se dedica al an√°lisis de los asuntos p√∫blicos promoviendo los valores y principios de una sociedad libre.,2009-04-29 20:29:27+00:00,52517,"Santiago, Chile",False,None
2020-03-31 14:32:45+00:00,1244996056888287233,"Son tan pero tan pencas los del Congreso que Pi√±era, que hace tres semanas estaba KO, ahora les esta arreglando la cagadas como si fuera un estadista. Son nefastos los legisladores que tenemos. Y algunos los quieren preparando un proceso constituyente",0,0,0,0,es,,,,596805645,dap_8988,Hincha de la gloriosa Uni√≥n Espa√±ola,2012-06-01 19:16:35+00:00,388,,False,None
2020-03-31 14:19:18+00:00,1244992673985019905,#LATROCINIO #MASONERIA #333 #NOSROBANLAPROPIEDAD #SEQUEDANCONTODO #FALSADEMOCRACIA #PARTIDOSPOLITICOSILEGALIZACIONYA #PROCESOCONSTITUYENTE #NUEVACONSTITUCION,0,0,1,0,und,,"['LATROCINIO', 'MASONERIA', 'NOSROBANLAPROPIEDAD', 'SEQUEDANCONTODO', 'FALSADEMOCRACIA', 'PARTIDOSPOLITICOSILEGALIZACIONYA', 'PROCESOCONSTITUYENTE', 'NUEVACONSTITUCION']",,822180258,rat_venator,"t.me/ANTIVAXXSPAIN üí¨
t.me/Corruption_Fig‚Ä¶",2012-09-13 21:06:34+00:00,519,"Leipzig, Germany",False,None
2020-03-31 12:17:15+00:00,1244961957268131842,"@gabrielboric Pasando el Covid y la emergencia, habr√° estallido social 2.0. Esta emergencia ha dejado mucho m√°s claro las diferencias e injusticias sociales. Si al plebiscito y proceso constituyente. Ojo, No soy comunista, simplemente un ciudadano observador. Sls",0,0,0,0,es,,,"[User(username='GabrielBoric', id=73981088, displayname='Gabriel Boric Font', rawDescription=None, renderedDescription=None, descriptionLinks=None, verified=None, created=None, followersCount=None, friendsCount=None, statusesCount=None, favouritesCount=None, listedCount=None, mediaCount=None, location=None, protected=None, link=None, profileImageUrl=None, profileBannerUrl=None, label=None)]",2392362653,manugol21,Administrador administrado. Futbolista frustrado. Hincha  apasionado.,2014-03-07 23:52:31+00:00,46,,False,1244632677229215744
2020-03-31 12:06:38+00:00,1244959283567112192,"Tambi√©n hablamos de c√≥mo esta crisis sanitaria afecta el proceso constituyente. ""Quiz√°s va a ser menos conflictivo, m√°s diverso, con opiniones distintas, pero con m√°s sentido de comunidad. Yo ser√≠a partidario de tener la grandeza de restablecer el voto obligatorio""",1,0,1,0,es,,,,171184512,consueferrer,Tejidos y duelo.,2010-07-26 19:25:13+00:00,3789,"Santiago, Chile",False,1244959279595114496
2020-03-31 11:52:18+00:00,1244955676721414144,"Cacharon el mamarracho de ley que sali√≥ con el permiso de circulaci√≥n? Esa la hizo la clase pol√≠tica mejor pagada del planeta.
Se imaginan a esos z√°nganos liderando un proceso constituyente?
ü§¶‚Äç‚ôÇÔ∏è
#YoRechazo #COVID2019chile #CoronavirusChile #PermisoDeCirculacion",0,0,1,0,es,,"['YoRechazo', 'COVID2019chile', 'CoronavirusChile', 'PermisoDeCirculacion']",,45045371,mauroreyesp,"Emprendedor y alumno de la vida. 

#Santiago - #Copiap√≥
ig: @mauroreyesp",2009-06-06 00:54:20+00:00,593,Santiago Metropolitan Region,False,None
2020-03-31 11:35:27+00:00,1244951438352097280,Venezuela y su proceso constituyente; ¬øpor qu√© es una amenaza? https://t.co/RNNeDjrxjE v√≠a @NevelMarcano,0,0,0,0,es,,,"[User(username='NevelMarcano', id=963231655, displayname='nevelmarcano', rawDescription=None, renderedDescription=None, descriptionLinks=None, verified=None, created=None, followersCount=None, friendsCount=None, statusesCount=None, favouritesCount=None, listedCount=None, mediaCount=None, location=None, protected=None, link=None, profileImageUrl=None, profileBannerUrl=None, label=None)]",138966265,felmar138,hacedor de caminos y eterno defensor del legado de Hugo Chavez,2010-05-01 04:27:35+00:00,827,por ahi,False,None
2020-03-31 10:49:28+00:00,1244939864497434625,"@joseluisastur11 @Lagatasobreelt La aprobaci√≥n le da legitimidad, que no es lo mismo d√°rsela a s√≠ misma, es un matiz importante. Dieron a aprobar una CE ya HECHA por los partidos, en un proceso Constituyente son los espa√±oles los que debieron elegir diputados para Cortes Constituyentes, eso, no se hizo.",0,0,1,0,es,,,,1213818757363056640,Solo_Hispanico,"Actualmente, en juntademocratica.com",2020-01-05 13:45:36+00:00,6996,C:\Espa√±a\Arag√≥n\Zaragoza,False,None
2020-03-31 10:14:34+00:00,1244931080962150405,"Por que das por sentada q ganar√° el proceso constituyente !!!
Hasta donde se ganar√° rechazo u proceso mixto . No eres el nada  y el pueblo inteligente no te vota.  No m√°s PC FA ps ONU indh",0,0,0,0,es,,,,144346970,kennohd,"Mesi√°nico :Los ojos de  yeshua son como llamas de fuego,y no es un ni√±o regordote en un pesebre...
Dara juicio justo! ..◊ô◊©◊ï◊¢ Yesh√∫a el profeta el mes√≠as prometi",2010-05-16 01:44:23+00:00,761,israel :Yehov√°H  tzevaot,False,None
2020-03-31 08:54:22+00:00,1244910901720944641,"@gabrielboric - gastar dinero en plebiscito o un posterior proceso constituyente SER√çA LO M√ÅS ABSURDO que se podr√≠a hacer.
- tienes que mirar esta pandemia como una guerra, las prioridades son sobrevivir para despu√©s levantarnos y despu√©s de uno o dos a√±os de ""normalidad""...

5/",1,0,0,0,es,,,"[User(username='GabrielBoric', id=73981088, displayname='Gabriel Boric Font', rawDescription=None, renderedDescription=None, descriptionLinks=None, verified=None, created=None, followersCount=None, friendsCount=None, statusesCount=None, favouritesCount=None, listedCount=None, mediaCount=None, location=None, protected=None, link=None, profileImageUrl=None, profileBannerUrl=None, label=None)]",867589025179324417,HermannBronca,"¬°Te quiero mucho, no seas comunista ni frenteamplista!

De derecha, no soy patriota, tampoco soy facho, pero s√≠ anticomunista.",2017-05-25 03:51:57+00:00,2833,«ùl·¥â…•∆Ü,False,1244910263712854016
2020-03-31 08:35:03+00:00,1244906040388456448,"@Celestaz211221 @KHARLOZHOLLAND @Mono_de_futbol @abc_es 4 gatos sin oficio ni beneficio? Analice usted el arco parlamentario. Esperaremos al proceso constituyente pertinente, nada de por la gracia de dios ni mamarrachadas del estilo. Le recomiendo que para entonces vote.",1,0,1,0,es,,,"[User(username='KHARLOZHOLLAND', id=72013747, displayname='Carlos Gino', rawDescription=None, renderedDescription=None, descriptionLinks=None, verified=None, created=None, followersCount=None, friendsCount=None, statusesCount=None, favouritesCount=None, listedCount=None, mediaCount=None, location=None, protected=None, link=None, profileImageUrl=None, profileBannerUrl=None, label=None), User(username='Mono_de_futbol', id=2295829157, displayname='Sumama Isidro', rawDescription=None, renderedDescription=None, descriptionLinks=None, verified=None, created=None, followersCount=None, friendsCount=None, statusesCount=None, favouritesCount=None, listedCount=None, mediaCount=None, location=None, protected=None, link=None, profileImageUrl=None, profileBannerUrl=None, label=None), User(username='abc_es', id=19923515, displayname='ABC.es', rawDescription=None, renderedDescription=None, descriptionLinks=None, verified=None, created=None, followersCount=None, friendsCount=None, statusesCount=None, favouritesCount=None, listedCount=None, mediaCount=None, location=None, protected=None, link=None, profileImageUrl=None, profileBannerUrl=None, label=None)]",405809292,G5u5P,"¬øS√∫bdito yo? ¬øPor qu√©? 
keep on rocking!

El patriotismo es el √∫ltimo refugio de los canallas.  S. Johnson",2011-11-05 20:44:53+00:00,475,,False,None
2020-03-31 03:55:29+00:00,1244835683149193218,"@jc4rreno @satelitectm Sin asco y sin anestesia. La pura realidad si gana el apruebo. Entre la baja/nula inversion que resultaria del proceso constituyente, se suma la crisis econ√≥mica global post covid 19 que sera tremenda. Esa ser√≠a una crisis que podr√≠a llegar a ser peor q la de 1929. Preparense!üò∞",2,12,27,2,es,,,"[User(username='jc4rreno', id=2905839809, displayname='Daiquiri üá®üá±', rawDescription=None, renderedDescription=None, descriptionLinks=None, verified=None, created=None, followersCount=None, friendsCount=None, statusesCount=None, favouritesCount=None, listedCount=None, mediaCount=None, location=None, protected=None, link=None, profileImageUrl=None, profileBannerUrl=None, label=None)]",407577203,Steve_CastleIX,"Contador, Ingeniero y futuro Abogado.
100% PORTALIANO. Dios+Patria+Familia+Libertad.",2011-11-08 07:53:23+00:00,1951,CHILE,False,1244748003606495234
2020-03-31 02:48:16+00:00,1244818768938713091,"@gabrielboric Eso!, proceso constituyente como en Venezuela, no podemos perdernos la oportunidad de convertirnos en ese hermoso para√≠so... el marxismo triunfar√° cierto guat√≥n
???",0,0,0,0,es,,,"[User(username='GabrielBoric', id=73981088, displayname='Gabriel Boric Font', rawDescription=None, renderedDescription=None, descriptionLinks=None, verified=None, created=None, followersCount=None, friendsCount=None, statusesCount=None, favouritesCount=None, listedCount=None, mediaCount=None, location=None, protected=None, link=None, profileImageUrl=None, profileBannerUrl=None, label=None)]",1209284827624677376,Ricardo32011469,"Ingeniero Civil (FCFM)
Liberal.
#Rechazo
Contra la #DerechaCobardeTraidora",2019-12-24 01:30:29+00:00,103,,False,1244632677229215744
2020-03-31 02:12:54+00:00,1244809866524479488,@gabrielboric El proceso constituyente es un cuento,0,0,0,0,es,"Place(id='01a6dee5328f585b', fullName='Limache, Chile', name='Limache', type='city', country='Chile', countryCode='CL')",,"[User(username='GabrielBoric', id=73981088, displayname='Gabriel Boric Font', rawDescription=None, renderedDescription=None, descriptionLinks=None, verified=None, created=None, followersCount=None, friendsCount=None, statusesCount=None, favouritesCount=None, listedCount=None, mediaCount=None, location=None, protected=None, link=None, profileImageUrl=None, profileBannerUrl=None, label=None)]",1317109164,cbc5901,,2013-03-30 20:24:22+00:00,39,,False,1244632677229215744
2020-03-31 02:05:06+00:00,1244807903720214529,"@gabrielboric Jajajajaj delegar un proceso constituyente a un √≥rgano constituido?, eso quiere decir que no han entendido absolutamente nada, pero nada de nada.",0,0,0,0,es,,,"[User(username='GabrielBoric', id=73981088, displayname='Gabriel Boric Font', rawDescription=None, renderedDescription=None, descriptionLinks=None, verified=None, created=None, followersCount=None, friendsCount=None, statusesCount=None, favouritesCount=None, listedCount=None, mediaCount=None, location=None, protected=None, link=None, profileImageUrl=None, profileBannerUrl=None, label=None)]",1196585468302962688,MGuerra81189554,A seguir luchando,2019-11-19 00:26:42+00:00,8,,False,1244633202012106758
2020-03-31 01:52:25+00:00,1244804711678689280,"@KarolCariola Si tu misma escribes q la crisis puede durar meses con mayor raz√≥n la $$ del proceso constituyente debe ir a esas familias. No seas miserable!! No hables de arrogancia y negligencia cdo eres una de las q apoya el ""estallido social"" sin importarte las consecuencias.",0,1,5,1,es,,,"[User(username='KarolCariola', id=104020962, displayname='Karol Cariola Oliva', rawDescription=None, renderedDescription=None, descriptionLinks=None, verified=None, created=None, followersCount=None, friendsCount=None, statusesCount=None, favouritesCount=None, listedCount=None, mediaCount=None, location=None, protected=None, link=None, profileImageUrl=None, profileBannerUrl=None, label=None)]",1050456561791983617,Susvfr,Re√≠r es la mejor medicinaüòâ,2018-10-11 18:42:15+00:00,1585,Irgendwo üòè,False,1244782496966942720
2020-03-31 01:50:46+00:00,1244804296497037312,@gabrielboric Deber√≠a descartarse el proceso constituyente completo.,0,0,1,0,es,,,"[User(username='GabrielBoric', id=73981088, displayname='Gabriel Boric Font', rawDescription=None, renderedDescription=None, descriptionLinks=None, verified=None, created=None, followersCount=None, friendsCount=None, statusesCount=None, favouritesCount=None, listedCount=None, mediaCount=None, location=None, protected=None, link=None, profileImageUrl=None, profileBannerUrl=None, label=None)]",25729023,Pelicano13J,"#Rechazo20
#Rechazo22
#EnContra23
Spade verranno sguainate.",2009-03-21 21:08:54+00:00,3520,"√ëu√±oa, Chile",False,1244632677229215744
2020-03-31 01:45:20+00:00,1244802929816674304,"Comunes, PR y afines... no saben hacer una ley y quieren coordinar un proceso constituyente. #PermisoDeCirculacion",0,0,0,0,es,,['PermisoDeCirculacion'],,1191544225038512128,alesearch24,,2019-11-05 02:34:41+00:00,89,,False,None
2020-03-31 01:42:57+00:00,1244802329959858177,"@mechitasdeclavo Claudio, ¬øhay algo que le puede interesar menos a los chilenos que el proceso constituyente?",0,0,2,0,es,,,"[User(username='mechitasdeclavo', id=1544157475267612673, displayname='Mechitas de Clavo', rawDescription=None, renderedDescription=None, descriptionLinks=None, verified=None, created=None, followersCount=None, friendsCount=None, statusesCount=None, favouritesCount=None, listedCount=None, mediaCount=None, location=None, protected=None, link=None, profileImageUrl=None, profileBannerUrl=None, label=None)]",70152081,Freelish,"Tuitero Obrero (no se lo que es, pero suena s√∫per Progre). Un gramo de Estado de Derecho genera m√°s prosperidad que una tonelada de Democracia. Isa√≠as 56:12",2009-08-30 16:17:14+00:00,2898,Taxpayer jubilado,False,1244753792979144705
2020-03-31 01:32:22+00:00,1244799668724346880,"Se necesita fortalecer la organizaci√≥n social para combatir el #Covid_19 a decir de la experiencia de quienes logran combatirlo. 

Se estima q la vacuna tardar√° 18 meses. 

#CuarentenaSocial #procesoconstituyente
#CuarentenaEsSalud",0,0,0,0,es,,"['Covid_19', 'CuarentenaSocial', 'procesoconstituyente', 'CuarentenaEsSalud']",,774071,pepa,mi lobi yu üì£,2007-02-15 17:03:49+00:00,2067,,False,None
2020-03-31 00:52:15+00:00,1244789570383863808,"Gabriel no veo que haya pasado el estado de cat√°strofe por COVID 19.
Usted es parte del ente estatal por ende ha de estarbocupado resolviendo problematicas propias del estado de cat√°strofe y no planteando sus anehelos de un proceso constituyente; dado el minuto CHILE VA A HABLAR",0,0,0,0,es,,,,889129436284669953,saetaescondida,"Saeta escondida en los esca√±os de nuestra sociedad. Ni de derecha ni de izquierda, todos Para mi la misma üí©. Chilena amo mi gente y mi patria!",2017-07-23 14:25:51+00:00,8014,Vi√±a del Mar Chile,False,None
2020-03-31 00:50:50+00:00,1244789213456928768,"Incre√≠ble!

Pensiones son un gran tema en la agenda del Proceso Constituyente, que debemos retomar en Octubre, despu√©s de este par√©ntesis viral.

No soy muy optimista acerca de la propuesta, pero que se proponga en un comunicado habla de un tema instalado. https://t.co/HwZrAgzs4c",0,3,3,0,es,,,,832007903213142018,AlRod1963,"Pap√°, divorciado, abuelo, partner de la mam√° de mis hij@s; con compa√±era, m√©dico. De izquierda. Sigo al amor, a la empat√≠a y a la democracia. Ateo. Colocolino.",2017-02-15 23:25:16+00:00,2813,"Vi√±a del Mar, Chile",False,None
2020-03-31 00:49:42+00:00,1244788929150287872,"@lesliona @pulso_tw üò≥ Wow!
Incre√≠ble!

Las pensiones ya son un gran tema en la agenda del Proceso Constituyente, que debemos retomar en Octubre, despu√©s de este nefasto par√©ntesis viral.

No soy muy optimista acerca de la propuesta, pero que se proponga en un comunicado habla de un tema instalado.",0,3,10,0,es,,,"[User(username='lesliona', id=31028906, displayname='Leslie Ayala', rawDescription=None, renderedDescription=None, descriptionLinks=None, verified=None, created=None, followersCount=None, friendsCount=None, statusesCount=None, favouritesCount=None, listedCount=None, mediaCount=None, location=None, protected=None, link=None, profileImageUrl=None, profileBannerUrl=None, label=None), User(username='pulso_tw', id=420592061, displayname='PULSO.cl', rawDescription=None, renderedDescription=None, descriptionLinks=None, verified=None, created=None, followersCount=None, friendsCount=None, statusesCount=None, favouritesCount=None, listedCount=None, mediaCount=None, location=None, protected=None, link=None, profileImageUrl=None, profileBannerUrl=None, label=None)]",832007903213142018,AlRod1963,"Pap√°, divorciado, abuelo, partner de la mam√° de mis hij@s; con compa√±era, m√©dico. De izquierda. Sigo al amor, a la empat√≠a y a la democracia. Ateo. Colocolino.",2017-02-15 23:25:16+00:00,2813,"Vi√±a del Mar, Chile",False,1244782361159577612
2020-03-31 00:46:53+00:00,1244788219746693123,"@carolaurrejola üò≥ Wow!
Incre√≠ble!

Las pensiones ya son un gran tema en la agenda del Proceso Constituyente, que debemos retomar en Octubre, despu√©s de este nefasto par√©ntesis viral.

No soy muy optimista acerca de la propuesta, pero que se proponga en un comunicado habla de un tema instalado.",0,0,1,0,es,,,"[User(username='carolaurrejola', id=51597098, displayname='Carolina Urrejola', rawDescription=None, renderedDescription=None, descriptionLinks=None, verified=None, created=None, followersCount=None, friendsCount=None, statusesCount=None, favouritesCount=None, listedCount=None, mediaCount=None, location=None, protected=None, link=None, profileImageUrl=None, profileBannerUrl=None, label=None)]",832007903213142018,AlRod1963,"Pap√°, divorciado, abuelo, partner de la mam√° de mis hij@s; con compa√±era, m√©dico. De izquierda. Sigo al amor, a la empat√≠a y a la democracia. Ateo. Colocolino.",2017-02-15 23:25:16+00:00,2813,"Vi√±a del Mar, Chile",False,1244786231189344263
2020-03-31 00:37:15+00:00,1244785795828985861,@gabrielboric No lo suspender√≠a. Lo cancelar√≠a y usar esa plata pa levantar al pa√≠s! 5 meses de destrucci√≥n de la izquierda m√°s coronavirus.. .no nos merecemos la incertidumbre de un proceso constituyente viciado,0,0,1,0,es,,,"[User(username='GabrielBoric', id=73981088, displayname='Gabriel Boric Font', rawDescription=None, renderedDescription=None, descriptionLinks=None, verified=None, created=None, followersCount=None, friendsCount=None, statusesCount=None, favouritesCount=None, listedCount=None, mediaCount=None, location=None, protected=None, link=None, profileImageUrl=None, profileBannerUrl=None, label=None)]",851788775760023552,negradelbaile,"antifeminazis y progres, profamilia, provida, de derecha, rechazo nueva Constituci√≥n y no creo en el estallido social",2017-04-11 13:27:24+00:00,241,el mundo,False,1244632677229215744
2020-03-31 00:21:59+00:00,1244781956426076161,"Extra√±o el Proceso Constituyente, el que debemos retomar en cuanto termine este par√©ntesis por la pandemia viral.
Cuid√©monos mucho!
Debemos estar bien para Octubre. https://t.co/WNSpKQjyEN",1,0,0,0,es,,,,832007903213142018,AlRod1963,"Pap√°, divorciado, abuelo, partner de la mam√° de mis hij@s; con compa√±era, m√©dico. De izquierda. Sigo al amor, a la empat√≠a y a la democracia. Ateo. Colocolino.",2017-02-15 23:25:16+00:00,2813,"Vi√±a del Mar, Chile",False,1244750282598293504
2020-03-31 00:10:26+00:00,1244779045998526464,@MiguelStrogoff6 hace falta un nuevo proceso constituyente por que Spain= game over por que si no esta crisis la pagaremos los de siempre. Sanchez tiene ka oportunidad de ser stalin o gorbachov.,0,0,0,0,es,,,"[User(username='MiguelStrogoff6', id=1229501581995003904, displayname='Miguel Strogoff, yo tambien soy PedroSanchez', rawDescription=None, renderedDescription=None, descriptionLinks=None, verified=None, created=None, followersCount=None, friendsCount=None, statusesCount=None, favouritesCount=None, listedCount=None, mediaCount=None, location=None, protected=None, link=None, profileImageUrl=None, profileBannerUrl=None, label=None)]",911925027884412928,garre_ramon,"volem la nostre terra, les nostres gents ... llibertat
Si no anem a per aquests, ells vindran per nosaltres.",2017-09-24 12:07:24+00:00,2656,Washington.U.S.A.,False,1244778090175307778
